﻿<?xml version="1.0" encoding="UTF-8"?>
<root>
  <item name="BattleConfig" md5="1adc53025590b310a8dc5bfa92ec5291" />
  <item name="DisOrderModeExtra" md5="1bb46abda3125524897c388929cea63e" />
  <item name="Document" md5="85e19e514cce783abd80bb8c725f31ef" />
  <item name="EquipModeExtra" md5="97553a2cbc7498f0e139558b2e60f315" />
  <item name="GuideModeExtra" md5="77b4c95722a8f3d6e3c14f10b27813f6" />
  <item name="LoadRes_Preload" md5="1e52a1c7a9a94373c75aca2f5981563f" />
  <item name="SingleSurvivalModeExtra" md5="af3da4cd668aec4c49523b36809e0de6" />
  <version name="633.1" />
</root>